Id, Ang1, Ang2, Ang3, Area, AR, IR, OR, PI, CCx, CCy, CR, E1id, E1Ix, E11y, E12x, E12y, E1LAngleId, E1RAngleId,  E2id, E2Ix, E21y, E22x, E12y, E2LAngleId, E2RAngleId, E3id, E3Ix, E31y, E32x, E32y, E3LAngleId, E3RAngleId, MidX, Midy, P1id, P1x, P1y, P2id, P2x, P2y, P3id, P3x, P3y
0,23.1985874176025,111.801406860352,45,135,0.509722269701004,4.11740764230985,16.1554944214035,2,-297,-45,16.1554944214035,4,-303,-60,-312,-39,1,0,12,-312,-39,-303,-30,4, 0,3,-303,-30,-303,-60,85, 0,-306,-43, 0, -303, -60, 22, -312, -3921, -303, -30
1,21.8014087677002,135,23.1985874176025,54.0000000000001,0.28102987943354,2.27008832471813,16.1554944214035,2,-297,-45,16.1554944214035,9,-303,-60,-312,-51,6,1,6,-312,-51,-312,-39,2, 1,4,-312,-39,-303,-60,0, 1,-309,-50, 0, -303, -60, 23, -312, -5122, -312, -39
2,44.9673919677734,135.031173706055,0.0133879259228706,1438128.00000095,3.53416320880703E-05,4.2402032917059,239955.148711833,2,-240267.148636978,-45,239955.148711992,6,-312,-39,-312,-51,1,2,5,-312,-51,-240000,-240000,71, 2,7,-240000,-240000,-312,-39,3, 2,-80208,-80030, 22, -312, -39, 23, -312, -5137, -240000, -240000
3,135.107086181641,18.40234375,26.4905776977539,28729800000,0.270887506103947,51493.6196319228,380184.53026891,2,-360898.778835913,120449.389417956,380184.530268911,7,-312,-39,-240000,-240000,2,3,2,-240000,-240000,0,240000,-1, 3,8,0,240000,-312,-39,4, 3,-80104,-13, 22, -312, -39, 37, -240000, -24000035, 0, 240000
4,135.072326660156,44.9255294799805,NaN,1078771.50000354,5.28880827777472E-05,4.49411236418551,169948.015815632,2,-120478.894348571,120136.894348571,169948.015816189,12,-303,-30,-312,-39,0,4,8,-312,-39,0,240000,3, 4,13,0,240000,-303,-30,8, 4,-205,79977, 21, -303, -30, 22, -312, -3935, 0, 240000
5,65.125846862793,90,24.874153137207,1577.8125,0.655720909165293,14.9071198536813,45.4678801463187,2,-245.625,-101.25,45.4678801463187,105,-264.75,-60,-226.5,-60,122,5,180,-226.5,-60,-226.5,-142.5,134, 5,186,-226.5,-142.5,-264.75,-60,72, 5,-239.25,-87.5, 61, -264.75, -60, 59, -226.5, -6035, -226.5, -142.5
6,1.94154930114746,177.838836669922,0.220048382878304,27.0000000000156,0.000259680588584496,0.21559665280857,1660.4756942656,2,-1481.625,-1229.625,1660.47569426656,9,-312,-51,-303,-60,1,6,110,-303,-60,-226.5,-142.5,72, 6,11,-226.5,-142.5,-312,-51,71, 6,-280.5,-84.5, 23, -312, -51, 0, -303, -6035, -226.5, -142.5
7,60.2551155090332,60.2551155090332,59.4897651672363,252,0.999940368811951,6.96387042565466,13.9285714285714,2,-123,70.9285714285714,13.9285714285714,29,-135,78,-111,78,17,7,36,-111,78,-123,57,11, 7,21,-123,57,-135,78,77, 7,-123,71, 17, -135, 78, 16, -111, 7838, -123, 57
8,57.1924438476563,0.036336962133646,122.767471313477,20146157.9999991,0.0011758951912343,83.915760586688,142726.598785738,2,-77399.472884954,120082.513376595,142726.598785732,13,-303,-30,0,240000,4,8,28,0,240000,-135,78,17, 8,25,-135,78,-303,-30,15, 8,-146,80016, 21, -303, -30, 35, 0, 24000017, -135, 78
9,72.191291809082,72.191291809082,35.6174240112305,126.076888489209,0.849207609442484,4.63993941833866,10.9276915721112,2,-142.218501647887,-31.7814983521127,10.9276915721113,23,-153,-30,-144,-21,125,9,124,-144,-21,-134.491456834532,-39.5085431654676,82, 9,122,-134.491456834532,-39.5085431654676,-153,-30,79, 9,-143.830485611511,-30.1695143884892, 20, -153, -30, 19, -144, -2140, -134.491456834532, -39.5085431654676
10,61.8214073181152,28.1785907745361,90,472.5,0.707402765088402,8.42642973859711,23.8235702614029,2,-123,-9.75,23.8235702614029,189,-144,1.5,-102,-21,127,10,35,-102,-21,-144,-21,81, 10,190,-144,-21,-144,1.5,83, 10,-130,-13.5, 62, -144, 1.5, 14, -102, -2119, -144, -21
11,74.7448806762695,74.7448806762695,30.5102367401123,148.5,0.775546546245359,4.86076696751365,12.5350747573979,2,-114.136363636364,65.8636363636364,12.5350747573979,40,-111,78,-102,69,34,11,119,-102,69,-123,57,78, 11,36,-123,57,-111,78,7, 11,-112,68, 16, -111, 78, 15, -102, 6938, -123, 57
12,139.21418762207,35.7144050598145,5.07138347625732,788.906249999999,0.101730665964356,5.50242451912803,108.176319637109,2,-121.3125,-167.752840909091,108.176319637108,19,-130.875,-60,-111.75,-60,90,12,32,-111.75,-60,-226.5,-142.5,20, 12,120,-226.5,-142.5,-130.875,-60,13, 12,-156.375,-87.5, 39, -130.875, -60, 31, -111.75, -6035, -226.5, -142.5
13,40.7858200073242,6.3752589225769,132.838912963867,788.906250000002,0.14206625520849,6.11721546253987,86.117782911396,2,-140.4375,-145.585227272727,86.1177829113963,120,-130.875,-60,-226.5,-142.5,12,13,20,-226.5,-142.5,-150,-60,133, 13,121,-150,-60,-130.875,-60,80, 13,-169.125,-87.5, 39, -130.875, -60, 35, -226.5, -142.529, -150, -60
14,43.9351463317871,5.75075054168701,130.314102172852,928.124999999999,0.136230786279954,6.37299790210455,93.5617869665384,2,-237.375,63.0909090909091,93.5617869665383,183,-246.75,-30,-144,69,86,14,107,-144,69,-228,-30,74, 14,184,-228,-30,-246.75,-30,121, 14,-206.25,3, 60, -246.75, -30, 18, -144, 6934, -228, -30
15,12.2647800445557,166.908096313477,0.827097773551941,269.999999999984,0.00612828056850389,1.35084555795426,440.856303119308,2,-451.2,385.2,440.856303119282,27,-135,78,-144,69,77,15,24,-144,69,-303,-30,117, 15,25,-303,-30,-135,78,8, 15,-194,39, 17, -135, 78, 18, -144, 6921, -303, -30
16,130.73210144043,32.7352256774902,16.5326652526855,1012.5,0.294625976999537,9.70656256168127,65.8907450085199,2,-209.25,33.1666666666667,65.8907450085198,15,-190.5,-30,-228,-30,119,16,113,-228,-30,-144,24,74, 16,126,-144,24,-190.5,-30,126, 16,-187.5,-12, 41, -190.5, -30, 34, -228, -3036, -144, 24
17,90.0265121459961,89.9677658081055,0.00107469689100981,2879064,0.000200054935510013,11.9993982431421,119961.031829094,2,-123,120039.031228899,119961.031829094,29,-111,78,-135,78,7,17,28,-135,78,0,240000,8, 17,33,0,240000,-111,78,25, 17,-82,80052, 16, -111, 78, 17, -135, 7835, 0, 240000
18,36.2538414001465,136.273025512695,7.47314119338989,1559.25,0.150538197655846,9.1148457062918,121.096782719955,2,17.25,90.0681818181818,121.096782719955,55,33,-30,1.5,-30,37,18,54,1.5,-30,-102,69,33, 18,34,-102,69,33,-30,31, 18,-22.5,3, 24, 33, -30, 26, 1.5, -3015, -102, 69
19,127.874977111816,36.8698959350586,15.2551250457764,455.625,0.301646415445623,6.44868431175646,42.7565784412177,2,-60.75,12.75,42.7565784412177,115,-102,1.5,-102,24,128,19,134,-102,24,-61.5,-30,88, 19,192,-61.5,-30,-102,1.5,75, 19,-88.5,-1.5, 63, -102, 1.5, 37, -102, 2443, -61.5, -30
20,46.0509605407715,98.7694244384766,35.1796112060547,12333.9375,0.717819483026649,44.0206640781178,122.651070691219,2,-110.6051956492,-182.64572786975,122.651070691219,32,-226.5,-142.5,-111.75,-60,12,20,152,-111.75,-60,12,-186,100, 20,47,12,-186,-226.5,-142.5,99, 20,-108.75,-129.5, 35, -226.5, -142.5, 31, -111.75, -6049, 12, -186
21,68.1985931396484,54.8252792358398,56.9761352539063,472.5,0.98490157834693,9.48875490567871,19.2684327333595,2,-77.25,-41.1,19.2684327333595,132,-61.5,-30,-73.5,-60,29,21,45,-73.5,-60,-93,-30,27, 21,133,-93,-30,-61.5,-30,75, 21,-76,-40, 43, -61.5, -30, 30, -73.5, -6013, -93, -30
22,87.2736892700195,32.4711952209473,60.2551155090332,472.5,0.774731151008781,8.72560162816329,22.5254957588878,2,-142.928571428571,46.5,22.5254957588878,117,-123,57,-144,24,76,22,26,-144,24,-144,69,74, 22,118,-144,69,-123,57,77, 22,-137,50, 38, -123, 57, 36, -144, 2418, -144, 69
23,126.869903564453,36.0273704528809,17.1027240753174,1620,0.329030186050277,12.586765421381,76.5082716116369,2,-28.875,46.5,76.5082716116369,39,-102,24,-102,69,78,23,52,-102,69,-30,-30,33, 23,114,-30,-30,-102,24,88, 23,-78,21, 37, -102, 24, 15, -102, 6925, -30, -30
24,53.4028396606445,80.322151184082,46.2750091552734,237.086415242806,0.910982102487347,6.55760992357999,14.3967920021153,2,-122.883644594,-48.0247814747636,14.3967920021152,123,-130.875,-60,-134.491456834532,-39.5085431654676,80,24,135,-134.491456834532,-39.5085431654676,-111.375,-39.375,82, 24,30,-111.375,-39.375,-130.875,-60,90, 24,-125.580485611511,-46.2945143884892, 39, -130.875, -60, 40, -134.491456834532, -39.508543165467644, -111.375, -39.375
25,111.77490234375,0.0644166767597198,68.1606369018555,32395464.0000008,0.00208784839994601,134.912834881628,129236.236582231,2,48021.1029369112,120016.757342278,129236.236582234,33,-111,78,0,240000,17,25,96,0,240000,159,-30,55, 25,88,159,-30,-111,78,34, 25,16,80016, 16, -111, 78, 35, 0, 24000012, 159, -30
26,48.814079284668,80.0737533569336,51.112174987793,472.5,0.917365340027237,9.28117928822491,20.2344232624907,2,-45.75,-42.703125,20.2344232624907,48,-61.5,-30,-30,-30,88,26,51,-30,-30,-35.25,-60,35, 26,43,-35.25,-60,-61.5,-30,29, 26,-42.25,-40, 43, -61.5, -30, 25, -30, -3033, -35.25, -60
27,56.9761352539063,57.9946174621582,65.0292510986328,573.75,0.994285614191552,10.4882630989528,21.0970830700005,2,-92.625,-51.09375,21.0970830700005,31,-73.5,-60,-111.75,-60,30,27,44,-111.75,-60,-93,-30,28, 27,45,-93,-30,-73.5,-60,21, 27,-92.75,-50, 30, -73.5, -60, 31, -111.75, -6013, -93, -30
28,30.9637584686279,30.9637584686279,118.072479248047,187.734375,0.488795232261941,4.89949031101078,20.0472099056203,2,-94.375,-50,20.0472099056203,44,-93,-30,-111.75,-60,27,28,137,-111.75,-60,-111.375,-39.375,90, 28,38,-111.375,-39.375,-93,-30,89, 28,-105.375,-43.125, 13, -93, -30, 31, -111.75, -6044, -111.375, -39.375
29,48.814079284668,68.1985931396484,62.9873352050781,573.75,0.968165463325694,10.3917593062365,21.4669076720426,2,-54.375,-50.25,21.4669076720426,46,-35.25,-60,-73.5,-60,32,29,132,-73.5,-60,-61.5,-30,21, 29,43,-61.5,-30,-35.25,-60,26, 29,-56.75,-50, 33, -35.25, -60, 30, -73.5, -6043, -61.5, -30
30,35.1083793640137,134.50178527832,10.3898239135742,1663.875,0.201475145802058,10.6829163699485,106.046989840068,2,-92.625,-164.308189655172,106.046989840068,31,-111.75,-60,-73.5,-60,27,30,59,-73.5,-60,12,-147,98, 30,50,12,-147,-111.75,-60,100, 30,-57.75,-89, 31, -111.75, -60, 30, -73.5, -6048, 12, -147
31,30.7354850769043,143.746154785156,5.51835203170776,1559.25,0.096992686207583,7.94281749288868,163.781781976623,2,48.75,133.022727272727,163.781781976623,70,64.5,-30,33,-30,93,31,34,33,-30,-102,69,18, 31,41,-102,69,64.5,-30,53, 31,-1.5,3, 28, 64.5, -30, 24, 33, -3015, -102, 69
32,29.3100090026855,134.548858642578,16.1411437988281,917.999999999999,0.262092697843774,9.01518923443106,68.7938985603083,2,-54.375,-126.08203125,68.7938985603082,46,-73.5,-60,-35.25,-60,29,32,159,-35.25,-60,12,-108,42, 32,149,12,-108,-73.5,-60,98, 32,-32.25,-76, 30, -73.5, -60, 33, -35.25, -6052, 12, -108
33,43.7269706726074,126.027374267578,10.2456426620483,1559.25,0.237048686967198,10.4951337653509,88.548339158725,2,-14.25,57.1363636363636,88.548339158725,53,1.5,-30,-30,-30,36,33,52,-30,-30,-102,69,23, 33,54,-102,69,1.5,-30,18, 33,-43.5,3, 26, 1.5, -30, 25, -30, -3015, -102, 69
34,155.772262573242,23.1985893249512,1.02889800071716,728.999999999999,0.0141244198925274,2.50226566085282,354.317654090225,2,144,324,354.317654090225,40,-102,69,-111,78,11,34,88,-111,78,159,-30,25, 34,84,159,-30,-102,69,112, 34,-18,39, 15, -102, 69, 16, -111, 7812, 159, -30
35,42.2736854553223,80.0737533569336,57.6525535583496,573.75,0.894744972665074,10.1276108088549,22.63798315332,2,-16.125,-47.8875,22.63798315332,49,3,-60,-35.25,-60,38,35,51,-35.25,-60,-30,-30,26, 35,56,-30,-30,3,-60,36, 35,-20.75,-50, 1, 3, -60, 33, -35.25, -6025, -30, -30
36,42.2736854553223,92.8624038696289,44.8639068603516,472.5,0.797573653404091,8.90369736896709,22.3269596004472,2,-14.25,-45.825,22.3269596004472,53,-30,-30,1.5,-30,33,36,57,1.5,-30,3,-60,46, 36,56,3,-60,-30,-30,35, 36,-8.5,-40, 25, -30, -30, 26, 1.5, -301, 3, -60
37,38.6085815429688,90,51.3914184570313,396.173076923077,0.810847334872036,8.17148971311667,20.1554333638064,2,17.25,-42.5769230769231,20.1554333638064,55,1.5,-30,33,-30,18,37,142,33,-30,33,-55.1538461538462,93, 37,63,33,-55.1538461538462,1.5,-30,46, 37,22.5,-38.3846153846154, 26, 1.5, -30, 24, 33, -3046, 33, -55.1538461538462
38,10.7842979431152,135,34.215705871582,172.125,0.204316574610911,3.47455526370874,34.0114870301197,2,-16.125,-88.125,34.0114870301197,49,-35.25,-60,3,-60,35,38,58,3,-60,12,-69,41, 38,60,12,-69,-35.25,-60,42, 38,-6.75,-63, 33, -35.25, -60, 1, 3, -602, 12, -69
39,47.1210975646973,85.7578048706055,47.1210975646973,409.5,0.869749602948562,8.50335549311318,19.5535714285714,2,31.5535714285714,-147,19.5535714285714,67,33,-166.5,12,-147,102,39,199,12,-147,33,-127.5,131, 39,147,33,-127.5,33,-166.5,106, 39,26,-147, 50, 33, -166.5, 48, 12, -14765, 33, -127.5
40,154.081115722656,24.7108039855957,1.2080442905426,702.000000000006,0.0175867273149372,2.654235587772,301.845310982633,2,-196.889423076923,-442.889423076923,301.845310982636,66,12,-225,21,-234,43,40,108,21,-234,-226.5,-142.5,44, 40,62,-226.5,-142.5,12,-225,99, 40,-64.5,-200.5, 3, 12, -225, 4, 21, -23435, -226.5, -142.5
41,24.2222862243652,101.601509094238,54.1762046813965,156.807692307692,0.592302656688364,4.59370613388492,15.5113473897581,2,17.5025471217524,-54.4974528782476,15.5113473897581,141,33,-55.1538461538462,12,-69,113,41,58,12,-69,3,-60,38, 41,71,3,-60,33,-55.1538461538462,46, 41,16,-61.3846153846154, 46, 33, -55.1538461538462, 2, 12, -691, 3, -60
42,44.5488624572754,34.6668434143066,100.784294128418,921.375,0.696027438149281,11.9307741213621,34.2824821765238,2,-16.1964285714286,-88.5,34.2824821765238,159,12,-108,-35.25,-60,32,42,60,-35.25,-60,12,-69,38, 42,160,12,-69,12,-108,60, 42,-3.75,-79, 52, 12, -108, 33, -35.25, -602, 12, -69
43,74.7448806762695,74.7448806762695,30.5102367401123,148.5,0.775546546245359,4.86076696751365,12.5350747573979,2,24.1363636363636,-221.863636363636,12.5350747573979,66,21,-234,12,-225,40,43,164,12,-225,33,-213,108, 43,61,33,-213,21,-234,50, 43,22,-224, 4, 21, -234, 3, 12, -22553, 33, -213
44,114.700759887695,65.2587509155273,0.0415110513567925,40652003.2500163,0.00128322492133505,119.798163472997,186714.209615507,2,-64847.5414872913,-175317.604023001,186714.209615582,108,-226.5,-142.5,21,-234,40,44,68,21,-234,-240000,-240000,48, 44,109,-240000,-240000,-226.5,-142.5,71, 44,-80068.5,-80125.5, 35, -226.5, -142.5, 4, 21, -23437, -240000, -240000
45,132.95458984375,39.644172668457,7.4012246131897,1044,0.160542844550148,7.47772008291126,93.1554452503235,2,147,-152.379310344828,93.1554452503232,93,135,-60,159,-60,59,45,92,159,-60,54,-147,62, 45,174,54,-147,135,-60,64, 45,116,-89, 57, 135, -60, 9, 159, -6045, 54, -147
46,47.7847862243652,83.6862030029297,48.5290145874023,453.634615384616,0.88826335043013,9.00629405992161,20.2784321914451,2,15.8584289613477,-44.3195785519326,20.2784321914451,71,33,-55.1538461538462,3,-60,41,46,57,3,-60,1.5,-30,36, 46,63,1.5,-30,33,-55.1538461538462,37, 46,12.5,-48.3846153846154, 46, 33, -55.1538461538462, 1, 3, -6026, 1.5, -30
47,135.08918762207,26.5091743469238,18.4016265869141,28738440000,0.271046496179415,51507.6992069805,380065.412635962,2,120374.181519247,-360748.363038495,380065.412635961,73,45,-234,240000,0,49,47,1,240000,0,-240000,-240000,-1, 47,74,-240000,-240000,45,-234,48, 47,15,-80078, 5, 45, -234, 36, 240000, 037, -240000, -240000
48,44.9666786193848,NaN,135.030456542969,2877192.00001179,7.06590589070981E-05,8.48025819549565,240033.148662379,2,33,-240267.148363404,240033.148663363,74,45,-234,-240000,-240000,47,48,68,-240000,-240000,21,-234,44, 48,72,21,-234,45,-234,50, 48,-79978,-80156, 5, 45, -234, 37, -240000, -2400004, 21, -234
49,135.053726196289,NaN,44.9441261291504,1078744.49999486,5.29410531903387E-05,4.49557469871358,169833.217429607,2,120139.71963032,-120319.71963032,169833.217428797,76,54,-225,240000,0,65,49,73,240000,0,45,-234,47, 49,77,45,-234,54,-225,107, 49,80033,-153, 6, 54, -225, 36, 240000, 05, 45, -234
50,59.4897651672363,60.2551155090332,60.2551155090332,252,0.999940368811951,6.96387042565466,13.9285714285714,2,33,-226.928571428571,13.9285714285714,64,33,-213,45,-234,107,50,72,45,-234,21,-234,48, 50,61,21,-234,33,-213,43, 50,33,-227, 53, 33, -213, 5, 45, -2344, 21, -234
51,54.1762046813965,101.601509094238,24.2222862243652,156.807692307692,0.592302656688364,4.59370613388492,15.5113473897581,2,48.4974528782476,-54.4974528782476,15.5113473897581,81,63,-60,54,-69,103,51,143,54,-69,33,-55.1538461538462,94, 51,79,33,-55.1538461538462,63,-60,56, 51,50,-61.3846153846154, 8, 63, -60, 7, 54, -6946, 33, -55.1538461538462
52,124.508529663086,40.1009063720703,15.390567779541,576,0.325042950625619,7.34844231896535,45.2152080506382,2,99,-103.59375,45.2152080506382,83,87,-60,111,-60,110,52,158,111,-60,54,-108,104, 52,165,54,-108,87,-60,54, 52,84,-76, 54, 87, -60, 32, 111, -6051, 54, -108
53,26.5650501251221,149.264511108398,4.17040205001831,1559.25,0.0644868737706735,6.98307260842395,216.573457514996,2,80.25,186,216.573457514997,85,96,-30,64.5,-30,58,53,41,64.5,-30,-102,69,31, 53,69,-102,69,96,-30,111, 53,19.5,3, 27, 96, -30, 28, 64.5, -3015, -102, 69
54,40.2363548278809,34.5085182189941,105.25511932373,643.5,0.648621607552747,9.79044296481492,30.1884576486877,2,77.0454545454545,-88.5,30.1884576486877,165,87,-60,54,-108,52,54,157,54,-108,54,-69,114, 54,80,54,-69,87,-60,103, 54,65,-79, 54, 87, -60, 51, 54, -1087, 54, -69
55,90.0307846069336,44.962043762207,45.0071678161621,28784520000,0.828112040283874,70267.6468561556,169705.651984164,2,120064.480114311,120064.480114311,169705.651984164,96,159,-30,0,240000,25,55,0,0,240000,240000,0,-1, 55,97,240000,0,159,-30,67, 55,80053,79990, 12, 159, -30, 35, 0, 24000036, 240000, 0
56,48.5290145874023,83.6862030029297,47.7847862243652,453.634615384616,0.88826335043013,9.00629405992161,20.2784321914451,2,50.1415710386523,-44.3195785519326,20.2784321914451,86,64.5,-30,63,-60,109,56,79,63,-60,33,-55.1538461538462,51, 56,82,33,-55.1538461538462,64.5,-30,93, 56,53.5,-48.3846153846154, 28, 64.5, -30, 8, 63, -6046, 33, -55.1538461538462
57,61.1892051696777,55.3758430480957,63.4349517822266,472.5,0.994646124709511,9.51861433230936,19.1397002327623,2,111.75,-40.875,19.1397002327623,168,127.5,-30,111,-60,115,57,90,111,-60,96,-30,110, 57,169,96,-30,127.5,-30,111, 57,111.5,-40, 55, 127.5, -30, 32, 111, -6027, 96, -30
58,53.1301002502441,73.3007583618164,53.5691413879395,472.5,0.962400364806918,9.41977011831708,19.5755747042073,2,80.25,-41.625,19.5755747042073,85,64.5,-30,96,-30,53,58,167,96,-30,87,-60,110, 58,89,87,-60,64.5,-30,109, 58,82.5,-40, 28, 64.5, -30, 27, 96, -3054, 87, -60
59,38.6598091125488,90,51.3401908874512,360,0.811127713994909,7.79062728770145,19.2093727122985,2,147,-45,19.2093727122985,98,159,-30,159,-60,66,59,93,159,-60,135,-60,45, 59,91,135,-60,159,-30,116, 59,151,-50, 12, 159, -30, 9, 159, -6057, 135, -60
60,85.7578048706055,47.1210975646973,47.1210975646973,409.5,0.869749602948562,8.50335549311318,19.5535714285714,2,13.4464285714286,-88.5,19.5535714285714,171,33,-88.5,12,-108,132,60,160,12,-108,12,-69,42, 60,172,12,-69,33,-88.5,113, 60,19,-88.5, 56, 33, -88.5, 52, 12, -1082, 12, -69
61,0.760283231735229,167.47119140625,11.768292427063,269.999999999985,0.0054105343870713,1.29706912500557,479.460634463379,2,502.5,-394.5,479.460634463352,95,54,-225,159,-60,91,61,101,159,-60,168,-51,66, 61,94,168,-51,54,-225,65, 61,127,-112, 6, 54, -225, 9, 159, -6010, 168, -51
62,39.8055725097656,129.644180297852,10.550253868103,2047.5,0.226596212017129,12.0662961622563,106.500422534373,2,158.7,-166.5,106.500422534373,139,54,-186,54,-147,96,62,92,54,-147,159,-60,45, 62,144,159,-60,54,-186,91, 62,89,-131, 47, 54, -186, 45, 54, -1479, 159, -60
63,135,23.1985874176025,21.8014087677002,54,0.28102987943354,2.27008832471813,16.1554944214035,2,153,-45,16.1554944214035,102,168,-39,168,-51,68,63,99,168,-51,159,-30,66, 63,103,159,-30,168,-39,67, 63,165,-40, 11, 168, -39, 10, 168, -5112, 159, -30
64,47.0454063415527,9.72286891937256,123.231704711914,1044,0.23805675342216,8.4575744992916,71.0551108314352,2,123,-130.034482758621,71.0551108314352,174,135,-60,54,-147,45,64,138,54,-147,111,-60,104, 64,175,111,-60,135,-60,115, 64,100,-89, 57, 135, -60, 45, 54, -14732, 111, -60
65,123.24388885498,0.0410318151116371,56.7145614624023,20862477.0000023,0.00121198908280926,86.9294993740955,143449.310900726,2,120100.74109328,-78751.9683024935,143449.310900742,100,168,-51,240000,0,68,65,76,240000,0,54,-225,49, 65,94,54,-225,168,-51,61, 65,80074,-92, 10, 168, -51, 36, 240000, 06, 54, -225
66,111.801406860352,45,23.1985874176025,135,0.509722269701004,4.11740764230985,16.1554944214035,2,153,-45,16.1554944214035,101,168,-51,159,-60,61,66,98,159,-60,159,-30,59, 66,99,159,-30,168,-51,63, 66,162,-47, 10, 168, -51, 9, 159, -6012, 159, -30
67,134.990676879883,45.0071678161621,NaN,1079419.50000188,5.30830206464131E-05,4.50052784901579,169565.627359222,2,120064.504877622,119866.504877622,169565.627359518,103,168,-39,159,-30,63,67,97,159,-30,240000,0,55, 67,104,240000,0,168,-39,68, 67,80109,-23, 11, 168, -39, 12, 159, -3036, 240000, 0
68,90.0093154907227,NaN,89.9878158569336,1438992,0.000100067540214981,5.9998497911928,119916.004296758,2,120084.004146653,-45,119916.004296758,104,168,-39,240000,0,67,68,100,240000,0,168,-51,65, 68,102,168,-51,168,-39,63, 68,80112,-30, 11, 168, -39, 36, 240000, 010, 168, -51
69,56.9761352539063,91.4320983886719,31.5917720794678,281.25,0.743596675797749,6.65365862713362,17.8958805053705,2,-274.875,-45.24375,17.8958805053705,130,-284.25,-30,-265.5,-30,118,69,188,-265.5,-30,-264.75,-60,124, 69,129,-264.75,-60,-284.25,-30,123, 69,-271.5,-40, 58, -284.25, -30, 42, -265.5, -3061, -264.75, -60
70,61.8214073181152,90,28.1785907745361,472.5,0.707402765088402,8.42642973859711,23.8235702614029,2,-123,12.75,23.8235702614029,112,-144,1.5,-144,24,126,70,116,-144,24,-102,24,76, 70,111,-102,24,-144,1.5,128, 70,-130,16.5, 62, -144, 1.5, 36, -144, 2437, -102, 24
71,91.9515228271484,0.023551756516099,88.0273361206055,21223545.7500046,0.000737484763660304,62.5666309360683,169675.724893721,2,-124243.968162942,-115941.97844734,169675.724893758,109,-226.5,-142.5,-240000,-240000,44,71,5,-240000,-240000,-312,-51,2, 71,11,-312,-51,-226.5,-142.5,6, 71,-80179.5,-80064.5, 35, -226.5, -142.5, 37, -240000, -24000023, -312, -51
72,114.874153137207,17.964771270752,47.1610794067383,1577.8125,0.421118646028094,13.0561868440783,62.0071657582566,2,-283.875,-118.984090909091,62.0071657582565,186,-264.75,-60,-226.5,-142.5,5,72,110,-226.5,-142.5,-303,-60,6, 72,187,-303,-60,-264.75,-60,123, 72,-264.75,-87.5, 61, -264.75, -60, 35, -226.5, -142.50, -303, -60
73,131.378509521484,34.1144714355469,14.5070037841797,295.3125,0.270010278948649,5.05261816497937,37.4253764312453,2,-181.125,6.23214285714286,37.4253764312453,127,-171.75,-30,-190.5,-30,84,73,191,-190.5,-30,-144,1.5,126, 73,195,-144,1.5,-171.75,-30,83, 73,-168.75,-19.5, 64, -171.75, -30, 41, -190.5, -3062, -144, 1.5
74,122.735221862793,16.950662612915,40.314094543457,1890,0.356615301867572,13.7607458909619,77.1741751904517,2,-217.821428571429,46.5,77.1741751904517,113,-144,24,-228,-30,16,74,107,-228,-30,-144,69,14, 74,26,-144,69,-144,24,22, 74,-172,21, 36, -144, 24, 34, -228, -3018, -144, 69
75,36.1796226501465,37.8749885559082,105.94539642334,496.125,0.643602846537528,8.5858253433493,26.6805076750035,2,-77.25,-8.46428571428571,26.6805076750035,192,-102,1.5,-61.5,-30,19,75,133,-61.5,-30,-93,-30,21, 75,37,-93,-30,-102,1.5,87, 75,-85.5,-19.5, 63, -102, 1.5, 43, -61.5, -3013, -93, -30
76,57.5288124084473,57.5288124084473,64.9423904418945,693,0.994560792302049,11.5278637289556,23.1818181818182,2,-123,33.8181818181818,23.1818181818182,116,-102,24,-144,24,70,76,117,-144,24,-123,57,22, 76,22,-123,57,-102,24,78, 76,-123,35, 37, -102, 24, 36, -144, 2438, -123, 57
77,30.5102367401123,74.7448806762695,74.7448806762695,148.5,0.775546546245359,4.86076696751365,12.5350747573979,2,-131.863636363636,65.8636363636364,12.5350747573979,118,-123,57,-144,69,22,77,27,-144,69,-135,78,15, 77,21,-135,78,-123,57,7, 77,-134,68, 38, -123, 57, 18, -144, 6917, -135, 78
78,87.2736892700195,60.2551155090332,32.4711952209473,472.5,0.774731151008781,8.72560162816329,22.5254957588878,2,-103.071428571429,46.5,22.5254957588878,119,-123,57,-102,69,11,78,39,-102,69,-102,24,23, 78,22,-102,24,-123,57,76, 78,-109,50, 38, -123, 57, 15, -102, 6937, -102, 24
79,42.8301162719727,57.0981178283691,80.07177734375,263.365332733813,0.897978296087456,6.87132919115439,15.3039983729967,2,-148.87446541027,-44.737446541027,15.3039983729967,18,-150,-60,-153,-30,129,79,122,-153,-30,-134.491456834532,-39.5085431654676,9, 79,16,-134.491456834532,-39.5085431654676,-150,-60,80, 79,-145.830485611511,-43.1695143884892, 29, -150, -60, 20, -153, -3040, -134.491456834532, -39.5085431654676
80,47.1283645629883,79.9911575317383,52.8804817199707,195.949555980216,0.915275987449322,5.97118889096928,13.047843432689,2,-140.4375,-51.1227925565544,13.0478434326889,123,-134.491456834532,-39.5085431654676,-130.875,-60,24,80,121,-130.875,-60,-150,-60,13, 80,16,-150,-60,-134.491456834532,-39.5085431654676,79, 80,-138.455485611511,-53.1695143884892, 40, -134.491456834532, -39.5085431654676, 39, -130.875, -6029, -150, -60
81,29.389009475708,62.9691390991211,87.641845703125,385.875,0.733848338742395,7.71193841543561,21.0177989328194,2,-123,-21.8647959183673,21.0177989328194,35,-144,-21,-102,-21,10,81,136,-102,-21,-111.375,-39.375,89, 81,125,-111.375,-39.375,-144,-21,82, 81,-119.125,-27.125, 19, -144, -21, 14, -102, -2144, -111.375, -39.375
82,29.7200012207031,116.860305786133,33.4197006225586,214.560870053957,0.502600778089203,5.27379455816624,20.9860182796224,2,-123.034417126076,-21.9259038769107,20.9860182796225,135,-111.375,-39.375,-134.491456834532,-39.5085431654676,24,82,124,-134.491456834532,-39.5085431654676,-144,-21,9, 82,125,-144,-21,-111.375,-39.375,81, 82,-129.955485611511,-33.2945143884892, 44, -111.375, -39.375, 40, -134.491456834532, -39.508543165467619, -144, -21
83,30.6523418426514,41.3785133361816,107.969139099121,312.1875,0.604261817016467,6.66690645885206,22.0662840878141,2,-162.983108108108,-9.75,22.0662840878142,195,-171.75,-30,-144,1.5,73,83,190,-144,1.5,-144,-21,10, 83,14,-144,-21,-171.75,-30,125, 83,-153.25,-16.5, 64, -171.75, -30, 62, -144, 1.519, -144, -21
84,33.0999488830566,85.7108459472656,61.1892051696777,281.25,0.788855838214594,6.77120253282175,17.1671481779153,2,-181.125,-44.38125,17.1671481779153,201,-188.25,-60,-190.5,-30,120,84,127,-190.5,-30,-171.75,-30,73, 84,128,-171.75,-30,-188.25,-60,130, 84,-183.5,-40, 66, -188.25, -60, 41, -190.5, -3064, -171.75, -30
85,57.9946174621582,32.0053863525391,90,281.25,0.755994488016536,6.68628537739387,17.6887146226061,2,-293.625,-45,17.6887146226061,177,-284.25,-30,-303,-60,123,85,3,-303,-60,-303,-30,0, 85,178,-303,-30,-284.25,-30,117, 85,-296.75,-40, 58, -284.25, -30, 0, -303, -6021, -303, -30
86,136.064849853516,39.173656463623,4.76150321960449,928.125,0.103316446121117,5.83432666886936,112.94090898229,2,-256.125,82.5511363636364,112.94090898229,106,-246.75,-30,-265.5,-30,124,86,131,-265.5,-30,-144,69,118, 86,183,-144,69,-246.75,-30,14, 86,-218.75,3, 60, -246.75, -30, 42, -265.5, -3018, -144, 69
87,29.0546073913574,135,15.9453945159912,101.25,0.257148885151627,2.97844853927433,23.1651678172208,2,-81.75,-9.75,23.1651678172208,42,-93,-30,-102,-21,89,87,193,-102,-21,-102,1.5,127, 87,37,-102,1.5,-93,-30,75, 87,-99,-16.5, 13, -93, -30, 14, -102, -2163, -102, 1.5
88,126.869903564453,16.2602043151855,36.8698959350586,850.5,0.32,9,56.25,2,-45.75,24,56.25,134,-61.5,-30,-102,24,19,88,114,-102,24,-30,-30,23, 88,48,-30,-30,-61.5,-30,26, 88,-64.5,-12, 43, -61.5, -30, 37, -102, 2425, -30, -30
89,35.9382781982422,72.0308609008789,72.0308609008789,124.875,0.853318197305067,4.62630738763254,10.843100269614,2,-103.70777027027,-31.7077702702703,10.843100269614,136,-111.375,-39.375,-102,-21,81,89,42,-102,-21,-93,-30,87, 89,38,-93,-30,-111.375,-39.375,28, 89,-102.125,-30.125, 44, -111.375, -39.375, 14, -102, -2113, -93, -30
90,42.3523712158203,91.0416259765625,46.6060028076172,197.2265625,0.815696395993034,5.78909935706912,14.1942501781473,2,-121.3125,-49.5102272727273,14.1942501781473,137,-111.375,-39.375,-111.75,-60,28,90,19,-111.75,-60,-130.875,-60,12, 90,30,-130.875,-60,-111.375,-39.375,24, 90,-118,-53.125, 44, -111.375, -39.375, 31, -111.75, -6039, -130.875, -60
91,140.194427490234,7.33436393737793,32.47119140625,2047.5,0.134516460903134,10.2736809416005,152.749795417211,2,205.5,-205.5,152.749795417212,144,54,-186,159,-60,62,91,95,159,-60,54,-225,61, 91,145,54,-225,54,-186,95, 91,89,-157, 47, 54, -186, 9, 159, -606, 54, -225
92,85.7578048706055,47.1210975646973,47.1210975646973,409.5,0.869749602948562,8.50335549311318,19.5535714285714,2,52.5535714285714,-127.5,19.5535714285714,140,33,-127.5,54,-108,105,92,78,54,-108,54,-147,104, 92,198,54,-147,33,-127.5,106, 92,47,-127.5, 65, 33, -127.5, 51, 54, -10845, 54, -147
93,51.3914184570313,90,38.6085815429688,396.173076923077,0.810847334872036,8.17148971311667,20.1554333638064,2,48.75,-42.5769230769231,20.1554333638064,142,33,-55.1538461538462,33,-30,37,93,70,33,-30,64.5,-30,31, 93,82,64.5,-30,33,-55.1538461538462,56, 93,43.5,-38.3846153846154, 46, 33, -55.1538461538462, 24, 33, -3028, 64.5, -30
94,56.6015129089355,76.2773971557617,47.1210975646973,350.134615384616,0.936262598293393,8.03453006412695,17.1629841430645,2,37.0714285714286,-71.8269230769231,17.1629841430645,143,33,-55.1538461538462,54,-69,51,94,173,54,-69,33,-88.5,114, 94,75,33,-88.5,33,-55.1538461538462,113, 94,40,-70.8846153846154, 46, 33, -55.1538461538462, 7, 54, -6956, 33, -88.5
95,81.8698959350586,37.8749809265137,60.2551155090332,409.5,0.853825023940939,8.40931182522884,19.6979746187681,2,51.2142857142857,-205.5,19.6979746187681,162,33,-213,54,-186,97,95,145,54,-186,54,-225,91, 95,163,54,-225,33,-213,107, 95,47,-208, 53, 33, -213, 47, 54, -1866, 54, -225
96,85.7578048706055,47.1210975646973,47.1210975646973,409.5,0.869749602948562,8.50335549311318,19.5535714285714,2,52.5535714285714,-166.5,19.5535714285714,153,33,-166.5,54,-147,106,96,139,54,-147,54,-186,62, 96,154,54,-186,33,-166.5,101, 96,47,-166.5, 50, 33, -166.5, 45, 54, -14747, 54, -186
97,52.1250152587891,52.1250152587891,75.7499694824219,567,0.948070146367373,10.2707599189799,21.6666666666667,2,33,-191.333333333333,21.6666666666667,150,12,-186,54,-186,101,97,162,54,-186,33,-213,95, 97,146,33,-213,12,-186,108, 97,33,-195, 49, 12, -186, 47, 54, -18653, 33, -213
98,119.310005187988,44.5017852783203,16.1882076263428,1667.25,0.368089831108144,12.8728864838815,69.9442657523429,2,-55.1710526315789,-127.5,69.9442657523428,65,12,-108,12,-147,131,98,59,12,-147,-73.5,-60,30, 98,149,-73.5,-60,12,-108,32, 98,-16.5,-105, 52, 12, -108, 48, 12, -14730, -73.5, -60
99,100.336547851563,70.9188842773438,8.74454593658447,4650.75,0.271704945096118,17.4250546918673,128.264538473549,2,-114.77358490566,-205.5,128.26453847355,151,12,-186,12,-225,108,99,62,12,-225,-226.5,-142.5,40, 99,47,-226.5,-142.5,12,-186,20, 99,-67.5,-184.5, 49, 12, -186, 3, 12, -22535, -226.5, -142.5
100,44.4838371276855,10.4077825546265,125.108383178711,2413.125,0.243740373156327,13.1548975040823,107.941883683301,2,-94.1659090909091,-166.5,107.941883683301,152,12,-186,-111.75,-60,20,100,50,-111.75,-60,12,-147,30, 100,148,12,-147,12,-186,102, 100,-29.25,-131, 49, 12, -186, 31, -111.75, -6048, 12, -147
101,94.2421951293945,42.8789024353027,42.8789024353027,409.5,0.783228761025744,8.2464951281076,21.0576923076923,2,33,-187.557692307692,21.0576923076923,154,33,-166.5,54,-186,96,101,150,54,-186,12,-186,97, 101,155,12,-186,33,-166.5,102, 101,33,-179.5, 50, 33, -166.5, 47, 54, -18649, 12, -186
102,85.7578048706055,47.1210975646973,47.1210975646973,409.5,0.869749602948562,8.50335549311318,19.5535714285714,2,13.4464285714286,-166.5,19.5535714285714,155,33,-166.5,12,-186,101,102,148,12,-186,12,-147,100, 102,67,12,-147,33,-166.5,39, 102,19,-166.5, 50, 33, -166.5, 49, 12, -18648, 12, -147
103,29.7448787689209,135,15.2551097869873,108,0.251800364351289,3.04511915777336,24.1867732448956,2,75,-81,24.1867732448956,81,54,-69,63,-60,51,103,166,63,-60,87,-60,109, 103,80,87,-60,54,-69,54, 103,68,-63, 7, 54, -69, 8, 63, -6054, 87, -60
104,130.10090637207,16.6673812866211,33.2317085266113,1111.5,0.300622636792795,10.2193708145743,67.9880325952832,2,119.131578947368,-127.5,67.9880325952832,158,54,-108,111,-60,52,104,138,111,-60,54,-147,64, 104,78,54,-147,54,-108,92, 104,73,-105, 51, 54, -108, 32, 111, -6045, 54, -147
105,47.1210975646973,85.7578048706055,47.1210975646973,409.5,0.869749602948562,8.50335549311318,19.5535714285714,2,34.4464285714286,-108,19.5535714285714,156,33,-88.5,54,-108,114,105,140,54,-108,33,-127.5,92, 105,161,33,-127.5,33,-88.5,132, 105,40,-108, 56, 33, -88.5, 51, 54, -10865, 33, -127.5
106,47.1210975646973,85.7578048706055,47.1210975646973,409.5,0.869749602948562,8.50335549311318,19.5535714285714,2,34.4464285714286,-147,19.5535714285714,198,33,-127.5,54,-147,92,106,153,54,-147,33,-166.5,96, 106,147,33,-166.5,33,-127.5,39, 106,40,-147, 65, 33, -127.5, 45, 54, -14750, 33, -166.5
107,30.5102367401123,74.7448806762695,74.7448806762695,148.5,0.775546546245359,4.86076696751365,12.5350747573979,2,41.8636363636364,-221.863636363636,12.5350747573979,163,33,-213,54,-225,95,107,77,54,-225,45,-234,49, 107,64,45,-234,33,-213,50, 107,44,-224, 53, 33, -213, 6, 54, -2255, 45, -234
108,81.8698959350586,60.2551155090332,37.8749809265137,409.5,0.853825023940939,8.40931182522884,19.6979746187681,2,14.7857142857143,-205.5,19.6979746187681,164,33,-213,12,-225,43,108,151,12,-225,12,-186,99, 108,146,12,-186,33,-213,97, 108,19,-208, 53, 33, -213, 3, 12, -22549, 12, -186
109,53.1301002502441,87.1375961303711,39.732307434082,360,0.837953835759666,7.86563085206221,18.7734228698445,2,75,-45.5625,18.7734228698445,166,87,-60,63,-60,103,109,86,63,-60,64.5,-30,56, 109,89,64.5,-30,87,-60,58, 109,71.5,-50, 54, 87, -60, 8, 63, -6028, 64.5, -30
110,73.3007583618164,43.2642936706543,63.4349517822266,360,0.925522947518213,8.10245653616431,17.5089262948931,2,99,-47.25,17.5089262948931,167,87,-60,96,-30,58,110,90,96,-30,111,-60,57, 110,83,111,-60,87,-60,52, 110,98,-50, 54, 87, -60, 27, 96, -3032, 111, -60
111,23.3340377807617,153.434951782227,3.2309844493866,1559.25,0.0443888556692542,6.20210419370221,279.44420283842,2,111.75,249,279.44420283842,169,127.5,-30,96,-30,57,111,69,96,-30,-102,69,53, 111,170,-102,69,127.5,-30,112, 111,40.5,3, 55, 127.5, -30, 27, 96, -3015, -102, 69
112,156.665954589844,2.56171011924744,20.7722473144531,1559.25000000001,0.0315738317724278,5.56291274691776,352.374889877992,2,143.25,322.022727272727,352.374889877995,170,127.5,-30,-102,69,111,112,84,-102,69,159,-30,34, 112,87,159,-30,127.5,-30,116, 112,61.5,3, 55, 127.5, -30, 15, -102, 6912, 159, -30
113,47.1210975646973,76.2773971557617,56.6015129089355,350.134615384616,0.936262598293393,8.03453006412695,17.1629841430645,2,28.9285714285714,-71.8269230769231,17.1629841430646,172,33,-88.5,12,-69,60,113,141,12,-69,33,-55.1538461538462,41, 113,75,33,-55.1538461538462,33,-88.5,94, 113,26,-70.8846153846154, 56, 33, -88.5, 2, 12, -6946, 33, -55.1538461538462
114,85.7578048706055,47.1210975646973,47.1210975646973,409.5,0.869749602948562,8.50335549311318,19.5535714285714,2,52.5535714285714,-88.5,19.5535714285714,173,33,-88.5,54,-69,94,114,157,54,-69,54,-108,54, 114,156,54,-108,33,-88.5,105, 114,47,-88.5, 56, 33, -88.5, 7, 54, -6951, 54, -108
115,75.9637603759766,61.1892051696777,42.847038269043,360,0.915252403852894,8.07524071225785,17.6459317195211,2,123,-47.0625,17.6459317195211,175,135,-60,111,-60,64,115,168,111,-60,127.5,-30,57, 115,176,127.5,-30,135,-60,116, 115,124.5,-50, 57, 135, -60, 32, 111, -6055, 127.5, -30
116,52.6960525512695,75.9637603759766,51.3401908874512,472.5,0.946547775707227,9.37109188126149,19.8005681736661,2,143.25,-42,19.8005681736661,176,135,-60,127.5,-30,115,116,87,127.5,-30,159,-30,112, 116,91,159,-30,135,-60,59, 116,140.5,-40, 57, 135, -60, 55, 127.5, -3012, 159, -30
117,144.782409667969,31.9081058502197,3.30952715873718,928.125,0.0605226363527991,4.91431194258254,162.395831997007,2,-293.625,132.125,162.395831997007,178,-284.25,-30,-303,-30,85,117,24,-303,-30,-144,69,15, 117,179,-144,69,-284.25,-30,118, 117,-243.75,3, 58, -284.25, -30, 21, -303, -3018, -144, 69
118,35.2175941467285,3.95608139038086,140.82633972168,928.125,0.078700249412876,5.34714219985404,135.886283455138,2,-274.875,105.5625,135.886283455138,179,-284.25,-30,-144,69,117,118,131,-144,69,-265.5,-30,86, 118,130,-265.5,-30,-284.25,-30,69, 118,-231.25,3, 58, -284.25, -30, 18, -144, 6942, -265.5, -30
119,53.0568389892578,87.1375961303711,39.8055725097656,562.5,0.838362846061192,9.83400422485887,23.4600191815778,2,-209.25,-44.1,23.4600191815778,181,-226.5,-60,-228,-30,121,119,15,-228,-30,-190.5,-30,16, 119,182,-190.5,-30,-226.5,-60,120, 119,-215,-40, 59, -226.5, -60, 34, -228, -3041, -190.5, -30
120,85.7108459472656,39.8055725097656,54.483585357666,573.75,0.847894879293151,9.96130458655701,23.4965555986404,2,-207.375,-46.35,23.4965555986404,17,-188.25,-60,-226.5,-60,134,120,182,-226.5,-60,-190.5,-30,119, 120,201,-190.5,-30,-188.25,-60,84, 120,-201.75,-50, 66, -188.25, -60, 59, -226.5, -6041, -190.5, -30
121,55.9806518554688,92.8624038696289,31.1569499969482,281.25,0.730577061979146,6.61902832327692,18.1200003880381,2,-237.375,-45.50625,18.1200003880381,184,-246.75,-30,-228,-30,14,121,181,-228,-30,-226.5,-60,119, 121,185,-226.5,-60,-246.75,-30,122, 121,-233.75,-40, 60, -246.75, -30, 34, -228, -3059, -226.5, -60
122,64.9831008911133,55.9806518554688,59.0362396240234,573.75,0.993708151519426,10.4861079173843,21.1050053304897,2,-245.625,-51.075,21.1050053304897,185,-246.75,-30,-226.5,-60,121,122,105,-226.5,-60,-264.75,-60,5, 122,10,-264.75,-60,-246.75,-30,124, 122,-246,-50, 60, -246.75, -30, 59, -226.5, -6061, -264.75, -60
123,56.9761352539063,57.9946174621582,65.0292510986328,573.75,0.994285614191552,10.4882630989528,21.0970830700005,2,-283.875,-51.09375,21.0970830700005,187,-264.75,-60,-303,-60,72,123,177,-303,-60,-284.25,-30,85, 123,129,-284.25,-30,-264.75,-60,69, 123,-284,-50, 61, -264.75, -60, 0, -303, -6058, -284.25, -30
124,32.3958473205566,88.5679016113281,59.0362396240234,281.25,0.767709310068319,6.71681210473675,17.4983213480608,2,-256.125,-44.775,17.4983213480608,188,-264.75,-60,-265.5,-30,69,124,106,-265.5,-30,-246.75,-30,86, 124,10,-246.75,-30,-264.75,-60,122, 124,-259,-40, 61, -264.75, -60, 42, -265.5, -3060, -246.75, -30
125,27.0308628082275,135,17.9691390991211,84.3749999999999,0.269755814940895,2.78231661463155,20.6284088092126,2,-162.375,-11.625,20.6284088092126,23,-144,-21,-153,-30,9,125,196,-153,-30,-171.75,-30,129, 125,14,-171.75,-30,-144,-21,83, 125,-156.25,-27, 19, -144, -21, 20, -153, -3064, -171.75, -30
126,124.114471435547,15.1534204483032,40.732105255127,523.125,0.324299968383227,6.97840654163241,43.0367389575936,2,-185.540322580645,12.75,43.0367389575936,191,-144,1.5,-190.5,-30,73,126,126,-190.5,-30,-144,24,16, 126,112,-144,24,-144,1.5,70, 126,-159.5,-1.5, 62, -144, 1.5, 41, -190.5, -3036, -144, 24
127,90,61.8214073181152,28.1785907745361,472.5,0.707402765088402,8.42642973859711,23.8235702614029,2,-123,-9.75,23.8235702614029,193,-102,1.5,-102,-21,87,127,189,-102,-21,-144,1.5,10, 127,194,-144,1.5,-102,1.5,128, 127,-116,-6, 63, -102, 1.5, 14, -102, -2162, -144, 1.5
128,90,28.1785907745361,61.8214073181152,472.5,0.707402765088402,8.42642973859711,23.8235702614029,2,-123,12.75,23.8235702614029,194,-102,1.5,-144,1.5,127,128,111,-144,1.5,-102,24,70, 128,115,-102,24,-102,1.5,19, 128,-116,9, 63, -102, 1.5, 62, -144, 1.537, -102, 24
129,54.0578918457031,95.7105941772461,30.2315235137939,281.25,0.702923619009667,6.54416114549248,18.6198356934211,2,-162.375,-46.0875,18.6198356934211,196,-171.75,-30,-153,-30,125,129,18,-153,-30,-150,-60,79, 129,197,-150,-60,-171.75,-30,130, 129,-158.25,-40, 64, -171.75, -30, 20, -153, -3029, -150, -60
130,64.7529067993164,54.0578918457031,61.1892051696777,573.75,0.990818386741505,10.4753389667468,21.1448215069908,2,-169.125,-50.98125,21.1448215069908,197,-171.75,-30,-150,-60,129,130,202,-150,-60,-188.25,-60,133, 130,128,-188.25,-60,-171.75,-30,84, 130,-170,-50, 64, -171.75, -30, 29, -150, -6066, -188.25, -60
131,85.7578048706055,47.1210975646973,47.1210975646973,409.5,0.869749602948562,8.50335549311318,19.5535714285714,2,13.4464285714286,-127.5,19.5535714285714,199,33,-127.5,12,-147,39,131,65,12,-147,12,-108,98, 131,200,12,-108,33,-127.5,132, 131,19,-127.5, 65, 33, -127.5, 48, 12, -14752, 12, -108
132,47.1210975646973,85.7578048706055,47.1210975646973,409.5,0.869749602948562,8.50335549311318,19.5535714285714,2,31.5535714285714,-108,19.5535714285714,200,33,-127.5,12,-108,131,132,171,12,-108,33,-88.5,60, 132,161,33,-88.5,33,-127.5,105, 132,26,-108, 65, 33, -127.5, 52, 12, -10856, 33, -88.5
133,114.874153137207,47.1610794067383,17.964771270752,1577.8125,0.421118646028095,13.0561868440783,62.0071657582565,2,-169.125,-118.984090909091,62.0071657582565,202,-188.25,-60,-150,-60,130,133,20,-150,-60,-226.5,-142.5,13, 133,203,-226.5,-142.5,-188.25,-60,134, 133,-188.25,-87.5, 66, -188.25, -60, 29, -150, -6035, -226.5, -142.5
134,65.125846862793,24.874153137207,90,1577.8125,0.655720909165293,14.9071198536813,45.4678801463187,2,-207.375,-101.25,45.4678801463187,203,-188.25,-60,-226.5,-142.5,133,134,180,-226.5,-142.5,-226.5,-60,5, 134,17,-226.5,-60,-188.25,-60,120, 134,-213.75,-87.5, 66, -188.25, -60, 35, -226.5, -142.559, -226.5, -60
